date,nav,bench
2020-04-01,99.99999999999999,100.0
2020-04-02,102.05022846369775,102.28293472348714
2020-04-03,99.39970154515623,100.73466514243069
2020-04-06,107.82957406215795,107.81946697594111
2020-04-07,107.38000141573973,107.64662667918942
2020-04-08,111.43948718353865,111.31268894834041
2020-04-09,111.1201777368903,112.92532152841024
2020-04-13,110.81514476001823,111.78424945608177
2020-04-14,114.8575421545543,115.20178338772516
2020-04-15,114.41124727890299,112.6638375803228
2020-04-16,116.65667117159188,113.3191681371433
2020-04-17,118.1516604357534,116.35539601674762
2020-04-20,117.42156236000255,114.27483959155535
2020-04-21,113.96641268899813,110.76948223411253
2020-04-22,116.88737087469936,113.30945389976725
2020-04-23,116.1602282411746,113.2483322739577
2020-04-24,118.08466000734887,114.82452905219085
2020-04-27,119.40088173473617,116.51406518796803
2020-04-28,118.95003766737187,115.90325410152298
2020-04-29,122.56107093029075,118.98441650538858
2020-04-30,121.219779208591,117.88827895732139
2020-05-01,115.17566717567516,114.58044772060312
2020-05-04,115.91008281905033,115.06739486882715
2020-05-05,118.38350767379856,116.10766814030559
2020-05-06,118.40346927278262,115.29730507488362
2020-05-07,119.90351703483341,116.62375800065776
2020-05-08,122.98039344628214,118.59138023995648
2020-05-11,123.49018047434902,118.60716216985428
2020-05-12,122.03597390104633,116.17567768417325
2020-05-13,121.38341736133734,114.14693381906498
2020-05-14,123.42786504103219,115.46245699251163
2020-05-15,122.78750203706974,115.91580454045234
2020-05-18,124.86170292153815,119.56729051242156
2020-05-19,124.72642623096237,118.31369930808542
2020-05-20,126.39707578900303,120.28375257728699
2020-05-21,125.37263864585358,119.34871523034305
2020-05-22,124.60872668314965,119.62962765318255
2020-05-26,126.24683743370451,121.09977816358024
2020-05-27,127.64441722370526,122.89536056719288
2020-05-28,126.82254214195791,122.6363076490083
2020-05-29,129.81535448413456,123.22647474574985
2020-06-01,130.40962366291754,123.68872618776562
2020-06-02,130.8448969826519,124.70431363527119
2020-06-03,132.71811325983637,126.40640020997773
2020-06-04,130.37631566282673,125.98057468756325
2020-06-05,132.49020550194467,129.28273352117486
2020-06-08,132.7912910862574,130.83950182465594
2020-06-09,132.30280616299376,129.81906219958003
2020-06-10,132.82482852754566,129.12932169917525
2020-06-11,125.49334650289589,121.51791530687109
2020-06-12,127.26225392327308,123.1050418374317
2020-06-15,128.84534553447654,124.12831766406092
2020-06-16,130.38302951270987,126.48208825073365
2020-06-17,130.938969280486,126.02671484454058
2020-06-18,130.46759065678947,126.10160242423092
2020-06-19,131.0525430244401,125.38919207587027
2020-06-22,131.2835090187162,126.20360685779701
2020-06-23,132.11299649230068,126.74721874367536
2020-06-24,128.31954912100878,123.47015090568712
2020-06-25,129.058956472607,124.82331551368651
2020-06-26,126.53795894588455,121.79923290136105
2020-06-29,126.97527968518696,123.58793726915098
2020-06-30,128.2676210801679,125.49241202438776
2020-07-01,129.460206932158,126.1226515855849
2020-07-02,129.97036919744124,126.69540618359139
2020-07-06,132.6047172642388,128.70754789326554
2020-07-07,131.65676489881722,127.31512116411152
2020-07-08,132.74560296843384,128.3116754262801
2020-07-09,133.28340484502712,127.5875348645264
2020-07-10,133.42764682897416,128.92289168437563
2020-07-13,131.0790122490868,127.71584580866728
2020-07-14,133.1441237313148,129.42805179240034
2020-07-15,135.27233503095889,130.6035239260777
2020-07-16,134.31419380038818,130.15867510056162
2020-07-17,135.19881289514404,130.52944668968834
2020-07-20,136.95422603031037,131.62679975270694
2020-07-21,137.0995292898282,131.84780606468834
2020-07-22,138.81185845037166,132.60554622672535
2020-07-23,137.33704123095475,130.97186448530155
2020-07-24,134.12310789191446,130.16109624822911
2020-07-27,137.03331931583625,131.12365562069925
2020-07-28,136.6354214088358,130.2748407774236
2020-07-29,138.99440630482732,131.89394622166566
2020-07-30,139.53614771397264,131.39931069431796
2020-07-31,140.98676759629635,132.40720976269986
2020-08-03,143.29116240196808,133.3580290395416
2020-08-04,143.8089555091765,133.83970895630947
2020-08-05,142.9219251681699,134.7002638952135
2020-08-06,141.73706424527484,135.5660761833384
2020-08-07,141.97436442320364,135.6518935153562
2020-08-10,141.28028118353097,136.02388061943432
2020-08-11,141.22374621447992,134.93988833864603
2020-08-12,143.20616141029734,136.828581163985
2020-08-13,142.72096820027045,136.5484692022111
2020-08-14,142.89167196415931,136.52499889318963
2020-08-17,144.44018286894672,136.89496013901538
2020-08-18,143.95426981803985,137.21028250543918
2020-08-19,143.10308358580392,136.60595416540173
2020-08-20,142.04679078195934,137.0374422086875
2020-08-21,142.23375913275876,137.50900271642885
2020-08-24,143.104917954564,138.8901044038403
2020-08-25,143.8009284837233,139.38960199099373
2020-08-26,143.64633755933068,140.8107662606254
2020-08-27,142.78034106446793,141.04634886978852
2020-08-28,143.44411140455344,141.99595263167882
2020-08-31,142.58916033104688,141.68427681010928
2020-09-01,143.6911446688141,142.75045142051204
2020-09-02,145.81734289982714,144.94394203159786
2020-09-03,140.7200212296561,139.85266377631046
2020-09-04,137.84779874357582,138.71523824883627
2020-09-08,132.84359016193974,134.86501064119105
2020-09-09,134.38133261210282,137.5818644378668
2020-09-10,132.46286838545615,135.1625153372293
2020-09-11,131.72904944076933,135.23456671536633
2020-09-14,134.34378763906486,136.95770245142685
2020-09-15,135.97580536655968,137.67253394745498
2020-09-16,134.76315368454965,137.03663186538657
2020-09-17,133.68500597609582,135.88382957966505
2020-09-18,132.2416561143046,134.3642975390862
2020-09-21,131.91304266971366,132.8095550938575
2020-09-22,133.4831176306387,134.20643871116678
2020-09-23,132.13396304342172,131.0228667020846
2020-09-24,132.13966045688676,131.41429216315018
2020-09-25,133.46816663698758,133.51386200920868
2020-09-28,135.6050827999518,135.66484912593603
2020-09-29,134.9165555889224,135.01193971678305
2020-09-30,135.37265156823804,136.1262902246509
2020-10-01,137.53619917217208,136.84679412378566
2020-10-02,135.33412524047998,135.53612312790932
2020-10-05,138.268233772171,137.97207438398098
2020-10-06,137.4736688199989,136.04411943748735
2020-10-07,138.05703810366063,138.41084563473993
2020-10-08,140.55291091224413,139.51953362173649
2020-10-09,142.1038557006366,140.74640326161202
2020-10-12,143.702687291933,143.05686989286076
2020-10-13,143.70676802238023,142.15462180289921
2020-10-14,142.65793568220099,141.21311159178305
2020-10-15,142.0518737527778,140.99737251125782
2020-10-16,141.24372525806788,141.01639581435944
2020-10-19,138.78824244877848,138.71361756223436
2020-10-20,138.7889016998407,139.3693631729407
2020-10-21,137.36327500949463,139.06334987224247
2020-10-22,136.69663416601105,139.78911112059805
2020-10-23,136.30715392029848,140.27079103736594
2020-10-26,134.43205520359177,137.6632248817294
2020-10-27,133.29724290040423,137.24670842504048
2020-10-28,130.17665202197918,132.4035632178456
2020-10-29,133.88978352189912,133.98543239918538
2020-10-30,132.98935494282037,132.3602493801862
2020-11-02,135.90024782481282,133.9906897484062
2020-11-03,140.91984458742505,136.37562890545942
2020-11-04,145.03606821222363,139.38230890128517
2020-11-05,147.74653584655437,142.0947156920411
2020-11-06,149.09125208673194,142.05383288428456
2020-11-09,151.16663944638108,143.71584699453553
2020-11-10,148.66719727457468,143.5146743289567
2020-11-11,151.04873653059147,144.61282785304087
2020-11-12,149.09860682222256,143.1698040787543
2020-11-13,153.14053874482784,145.11839313271605
2020-11-16,156.44835307190291,146.80873961179418
2020-11-17,157.10971048011447,146.10524303974398
2020-11-18,155.46667716856726,144.41570690396682
2020-11-19,157.38350815291346,144.98563518265533
2020-11-20,158.36744329542532,144.00081113387978
2020-11-23,160.91650941968007,144.8123897142532
2020-11-24,162.31007466662186,147.1527995186956
2020-11-25,161.06169146481895,146.91964793943532
2020-11-27,162.2166283277786,147.27181127934628
2020-11-30,162.27057809631805,146.59501650728598
2020-12-01,164.1153512845276,148.2473163801609
2020-12-02,164.1227216714268,148.5128520447531
2020-12-03,165.16800693431904,148.42015667691257
2020-12-04,167.237604289612,149.73163801608987
2020-12-07,168.23193399546207,149.4418118169399
2020-12-08,169.28141350691305,149.8583282736288
2020-12-09,166.64086859459167,148.66707421005364
2020-12-10,166.6506533414694,148.47602095350132
2020-12-11,166.29663366948006,148.28819918791743
2020-12-14,166.90944607223716,147.64177252517203
2020-12-15,168.823056261102,149.54948865361263
2020-12-16,169.83943336842188,149.81460926431896
2020-12-17,170.5983312368326,150.67719006147541
2020-12-18,171.9437453256253,150.1481445905434
2020-12-21,170.94994425254112,149.56162403865613
2020-12-22,171.6673305841012,149.2515689036885
2020-12-23,170.54377541935068,149.36288240298018
2020-12-24,171.58600714362484,149.8911175306112
2020-12-28,171.7061751430553,151.19854715328376
2020-12-29,170.93345448965638,150.86177045385548
2020-12-30,172.8412869872404,151.06415863438576
2020-12-31,173.71500962886833,152.03683741588242
2021-01-04,171.5150636636277,149.793560102965
2021-01-05,174.20506170302488,150.85448724638232
2021-01-06,175.79199932326395,151.71584264635197
2021-01-07,181.3963206259039,153.96842902499495
2021-01-08,184.42432382750152,154.81400249506677
2021-01-11,183.69719934814722,153.79923527309757
2021-01-12,184.01414697931594,153.86318321822506
2021-01-13,183.1516686229789,154.21332069988364
2021-01-14,184.1522385342726,153.63448852712
2021-01-15,183.51746414647107,152.5298522566282
2021-01-19,186.1357256977017,153.770893022035
2021-01-20,187.9551962290775,155.91378658798826
2021-01-21,187.4846990187656,155.9631681181694
2021-01-22,187.26550543886427,155.49362358644504
2021-01-25,188.01781372143716,156.05586348600994
2021-01-26,185.48835956580749,155.82352225005062
2021-01-27,179.08942977107685,151.82230396807327
2021-01-28,181.6907272829679,153.304184691864
2021-01-29,180.08191722931213,150.34365473525096
2021-02-01,184.6864694068974,152.75693614336672
2021-02-02,188.43576019403199,154.87998618068204
2021-02-03,185.8331030728297,155.03622432199958
2021-02-04,187.21959875610844,156.71888242195408
2021-02-05,186.87310625278232,157.32969350839912
2021-02-08,190.29125344179826,158.49383071809856
2021-02-09,191.56566410102116,158.3173438764926
2021-02-10,191.15756443950602,158.2626951148553
2021-02-11,193.88788916133456,158.5257997495446
2021-02-12,195.85202841347993,159.27262004148957
2021-02-16,195.43898723963022,159.18195053190144
2021-02-17,194.3340631247495,159.13094831511842
2021-02-18,193.7553761890921,158.42825220413377
2021-02-19,193.60793890932553,158.13438417071444
2021-02-22,188.78505663918705,156.91155636510828
2021-02-23,187.63694978109748,157.10868719641772
2021-02-24,187.73232918833875,158.89212433275145
2021-02-25,180.5245703747123,155.00263460395163
2021-02-26,182.0492310212027,154.26633889268368
2021-03-01,185.99752667617906,157.9364528783394
2021-03-02,182.95660365238405,156.66019182604737
2021-03-03,179.04444540631758,154.61323500113843
2021-03-04,173.81390267393414,152.53875615070328
2021-03-05,177.6996431697832,155.51264688954666
2021-03-08,173.62889505738178,154.6792186867537
2021-03-09,179.08244897766141,156.86864769909937
2021-03-10,176.10163552347066,157.81461479837077
2021-03-11,180.47262462754736,159.4551745756173
2021-03-12,179.66137951922687,159.61708512004148
2021-03-15,182.03497280974258,160.6533066750152
2021-03-16,182.3436174622882,160.40113179265333
2021-03-17,182.44076942411397,160.862987945254
2021-03-18,177.8341485195275,158.48856348664236
2021-03-19,180.3534070206008,158.3930417994839
2021-03-22,182.45327843209387,159.50577162074987
2021-03-23,179.80910782607344,158.288606336015
2021-03-24,178.85482746090423,157.4231893373052
2021-03-25,179.17876757243778,158.24812869990893
2021-03-26,185.02364181674895,160.87998539010323
2021-03-29,183.2743431748805,160.74033952198442
2021-03-30,182.82761266836775,160.2327483840569
2021-03-31,185.36407287322993,160.81319136118702
2021-04-01,189.9824008140363,162.71483979710587
2021-04-05,191.9001551150127,165.06415349562334
2021-04-06,190.9010438389623,164.90345846615057
2021-04-07,189.4876060925553,165.14672945443735
2021-04-08,190.5688333671506,165.84375316231532
2021-04-09,191.62519504224116,167.12405604887675
2021-04-12,191.4805517972954,167.0912865563651
2021-04-13,192.78473205363443,167.6417665958308
2021-04-14,192.32425550300366,166.95649286581664
2021-04-15,194.9929724688458,168.8087400070836
2021-04-16,194.91869187954998,169.41794028916212
2021-04-19,193.6286669847005,168.51891380793361
2021-04-20,192.28997211858524,167.37259426861974
2021-04-21,195.42820463777932,168.93017291540173
2021-04-22,194.9032583882408,167.37421495522162
2021-04-23,197.49095866001431,169.20339695911758
2021-04-26,198.74469283123673,169.50496325389597
2021-04-27,195.60132534008838,169.46853733429467
2021-04-28,195.26642347925454,169.3252449213216
2021-04-29,194.87636721444898,170.47035882791945
2021-04-30,191.77806710523,169.24387459522364
2021-05-03,190.96776448722864,169.70897212102813
2021-05-04,191.72889587856233,168.5755983100587
2021-05-05,192.85795796779323,168.69418513458814
2021-05-06,193.86902646014786,170.07165015938068
2021-05-07,195.7209221570671,171.32564653536733
2021-05-10,191.98972595885957,169.53775251087836
2021-05-11,191.06013955472747,168.0671968288302
2021-05-12,185.2372165578972,164.46225618548877
2021-05-13,187.1905892432859,166.4642784861364
2021-05-14,191.2756549897607,168.94758541413682
2021-05-17,190.39142723455367,168.52013920512042
2021-05-18,189.60356306706453,167.0848038099575
2021-05-19,191.30543660531274,166.59300448416312
2021-05-20,195.6369150674697,168.3513506248735
2021-05-21,195.5268758224299,168.21938325364297
2021-05-24,197.00817660170685,169.88665471311475
2021-05-25,197.3750074147875,169.5255973613641
2021-05-26,197.9284275127067,169.84376581157662
2021-05-27,198.2823178227061,170.04168722171624
2021-05-28,199.45224903081524,170.17242919575997
2021-06-01,198.00310287446214,170.0886476042299
2021-06-02,198.0085840040583,170.33475479407002
2021-06-03,196.92548145117743,169.7166605001518
2021-06-04,198.44322849691912,171.2159537226776
2021-06-07,197.86664440629792,171.07953934552722
2021-06-08,197.8865312049468,171.1094825187209
2021-06-09,197.38698522210194,170.7974015255009
2021-06-10,199.6889678369218,171.59199254326046
2021-06-11,200.36476410501652,171.92632833055052
2021-06-14,201.35935904535722,172.2384093237705
2021-06-15,200.51054787186942,171.8919183869662
2021-06-16,199.78270626723096,170.96539952691762
2021-06-17,200.7972157291988,170.89090723664236
2021-06-18,197.00292837934353,168.64805485984618
2021-06-21,200.19579691869336,171.00951382564259
2021-06-22,200.05793820510104,171.88585069444443
2021-06-23,199.67715776519478,171.69964961546245
2021-06-24,202.0640811441012,172.69743915705322
2021-06-25,202.48871290043442,173.27262478496255
2021-06-28,203.71303185500184,173.67374471893342
2021-06-29,204.61569127525354,173.72191073416312
2021-06-30,203.13389605033115,173.95264116575592
2021-07-01,204.0060328265616,174.86095694823922
2021-07-02,204.18834317620247,176.17242840518114
2021-07-06,205.10109297195947,175.8162331132362
2021-07-07,204.2348751545264,176.40679549939284
2021-07-08,202.42472769095323,174.89657252453955
2021-07-09,205.2874694849716,176.8690469414086
2021-07-12,205.4231136319894,177.47945285620318
2021-07-13,204.1902802293547,176.85529086976322
2021-07-14,203.77796527984628,177.06131571291237
2021-07-15,203.0977881456547,176.48369905510017
2021-07-16,201.1490899433172,175.15321417729203
2021-07-19,200.1475304282354,172.37361806820482
2021-07-20,203.1908842932899,174.98725191636308
2021-07-21,205.605870746807,176.42946534734872
2021-07-22,206.26867309445075,176.78526534987859
2021-07-23,207.73765418770955,178.5788317774742
2021-07-26,205.1483744669017,179.00424224600283
2021-07-27,203.0985800020829,178.16069463418336
2021-07-28,206.0439821851046,178.12751008778588
2021-07-29,208.82511865455166,178.87674164516292
2021-07-30,210.84821389384103,177.90972538453755
2021-08-02,211.65569575497966,177.58187234365514
2021-08-03,212.569617605569,179.0386521895871
2021-08-04,213.0489938371926,178.2092757032989
2021-08-05,212.74814128348706,179.27950203020643
2021-08-06,211.48481487425778,179.579842927798
2021-08-09,210.8424579381401,179.4110543475511
2021-08-10,209.43696700773756,179.5891519935236
2021-08-11,209.16411505207725,179.81826173851448
2021-08-12,208.53527380312036,180.56385663327262
2021-08-13,208.93347351684065,180.8540781218377
2021-08-16,209.33551029844278,181.32806965948188
2021-08-17,207.22422889788157,180.04776677292048
2021-08-18,204.91364526435825,178.11252861895366
2021-08-19,206.2333196723748,178.336361250253
2021-08-20,207.58166461098202,179.78829880085004
2021-08-23,209.25152839569847,181.32077656977333
2021-08-24,212.44887618892858,181.59198463747217
2021-08-25,213.61581791447085,181.99514031193078
2021-08-26,212.86314381054723,180.93503339404978
2021-08-27,215.52930448947853,182.528642671018
2021-08-30,215.57299197373771,183.3147152018822
2021-08-31,216.18487817303424,183.06740237932604
2021-09-01,215.92367768196445,183.12446240639545
2021-09-02,217.16802408749234,183.64501903713824
2021-09-03,217.43867584516713,183.5834922396782
2021-09-07,216.26435950823844,182.9601208320684
2021-09-08,215.28467321434687,182.718875702034
2021-09-09,215.42058518623472,181.87734406623153
2021-09-10,214.9251717510633,180.472781952034
2021-09-13,214.90998346539746,180.88362600561626
2021-09-14,213.70202110253354,179.8441531952034
2021-09-15,214.60426614530843,181.36815200617283
2021-09-16,215.48422993989382,181.08682452944748
2021-09-17,213.64935623178582,179.43696556871078
2021-09-20,210.0050839310908,176.39060839784457
2021-09-21,209.85777671206534,176.24731598487148
2021-09-22,212.3616682611345,177.92512190725563
2021-09-23,214.79462363257244,180.08419269252175
2021-09-24,215.48476134042616,180.3472973272111
2021-09-27,213.61723197173762,179.84658422510626
2021-09-28,208.7059289310404,176.18416850080956
2021-09-29,208.4802944758417,176.4606339177292
2021-09-30,207.41189726276644,174.35903821341833
2021-10-01,208.08287354458193,176.36268120066788
2021-10-04,203.37968294240883,174.07245338747217
2021-10-05,205.18358583443433,175.90448147515684
2021-10-06,204.39068899446605,176.6261811247723
2021-10-07,206.44318937186847,178.09187474701477
2021-10-08,205.01044391991962,177.75105621331716
2021-10-11,203.6847718858841,176.53065943761385
2021-10-12,202.86987941177304,176.1040235718984
2021-10-13,204.05729659669848,176.63630053379882
2021-10-14,208.16107286920084,179.65026373709776
2021-10-15,208.43233356262957,180.99049249898806
2021-10-18,209.19950453197845,181.60129370319774
2021-10-19,211.05483049248244,182.94393373052014
2021-10-20,211.48357179813954,183.61424575617283
2021-10-21,213.55114764968215,184.16433050622342
2021-10-22,214.18479860253424,183.96680438549888
2021-10-25,214.9088162470828,184.8403149349828
2021-10-26,215.8158165055565,185.17668646276059
2021-10-27,213.53687984283542,184.24125382640153
2021-10-28,219.18772814690294,186.0522129882615
2021-10-29,222.12162890182972,186.41489102661404
2021-11-01,224.5226328125445,186.75045221109087
2021-11-02,227.99831149135224,187.43776168159278
2021-11-03,230.77742123638927,188.64884939157054
2021-11-04,231.8337783459951,189.43776800622342
2021-11-05,230.1354116543917,190.14490124089255
2021-11-08,231.08707994836374,190.3137095856102
2021-11-09,231.38786866907228,189.64784456587736
2021-11-10,227.32182919966934,188.08783488919246
2021-11-11,229.50670738862763,188.19146000936044
2021-11-12,232.36675063118966,189.55070219211697
2021-11-15,231.56051947531398,189.54866645162923
2021-11-16,233.1506415091574,190.28131561804292
2021-11-17,231.98710007533498,189.78627491904473
2021-11-18,232.50104277539174,190.42865974752075
2021-11-19,231.13115328525993,190.1623137396276
2021-11-22,227.44507595447274,189.5543388547359
2021-11-23,227.59089364219219,189.86845558844362
2021-11-24,228.63200718424577,190.30398546599878
2021-11-26,224.87404503426632,185.9793611490589
2021-11-29,228.04710016666243,188.43432582599675
2021-11-30,223.01549680552705,184.86136409633679
2021-12-01,221.81447580616245,182.6771924332119
2021-12-02,224.3967696992388,185.27019217390205
2021-12-03,222.52066927437437,183.70492514799636
2021-12-06,222.0208336806635,185.85994421675773
2021-12-07,230.31892002932872,189.70856102003643
2021-12-08,230.89393100121077,190.29386605697226
2021-12-09,227.6507337317782,188.92735054897793
2021-12-10,229.51383849108245,190.7314316750152
2021-12-13,228.2454794066333,188.98887734643796
2021-12-14,226.45384897140286,187.5770023780611
2021-12-15,232.6247636130897,190.64359836698037
2021-12-16,226.83935887387085,188.9767221969237
2021-12-17,227.1077549862292,187.0325900311172
2021-12-20,224.36502843904861,184.90265207574376
2021-12-21,229.8550297427978,188.18983932275856
2021-12-22,232.84381845977077,190.1056490019733
2021-12-23,233.24253615982536,191.28880951477433
2021-12-27,238.65140911978074,193.93604296321593
2021-12-28,236.35025451872355,193.7401375290933
2021-12-29,237.46957486479158,194.01174088620726
2021-12-30,236.01035164576913,193.4316931984922
2021-12-31,235.52749661375302,192.92370677114957
2022-01-03,234.90061444235627,194.15341261257845
2022-01-04,233.1670840063947,194.03116936095932
2022-01-05,225.57626429547162,190.26836988969845
2022-01-06,227.79381095544665,190.0849951300344
2022-01-07,225.67801383730247,189.31510970071847
2022-01-10,226.81932897521787,189.04230071088847
2022-01-11,229.37548255711965,190.77392528713824
2022-01-12,229.18135418001194,191.3114793627302
2022-01-13,223.6579777379387,188.58651225080956
2022-01-14,224.93527310454718,188.74114946999597
2022-01-18,218.95672624386862,185.27058746331716
2022-01-19,215.81579644658763,183.4754003491196
2022-01-20,213.01387738395638,181.45031291110098
2022-01-21,208.632181223214,178.01821256451123
2022-01-24,212.45108169194708,178.51163257690752
2022-01-25,207.112919288395,176.33880571999597
2022-01-26,208.51840178358344,176.07489074200566
2022-01-27,206.65066422388753,175.1268879022465
2022-01-28,211.296039869502,179.39081552949807
2022-01-31,217.57438166648032,182.77878181289213
2022-02-01,219.22691072500498,184.0331932427646
2022-02-02,221.24061983867753,185.76724884891723
2022-02-03,214.6284795603971,181.2361846349423
2022-02-04,217.1376699337093,182.17080692800042
2022-02-07,218.00304724061132,181.49646295031368
2022-02-08,222.09544348397898,183.02125234011334
2022-02-09,226.95482508121785,185.67820990816637
2022-02-10,221.67219876277753,182.31451439485934
2022-02-11,216.15398244069203,178.8561075376948
2022-02-14,215.349210958239,178.16919335660796
2022-02-15,218.59023347294254,180.9783373494738
2022-02-16,219.21964182273555,181.13781686399514
2022-02-17,212.4550626478694,177.30256084294678
2022-02-18,210.64555336174595,176.03198207599675
2022-02-22,206.8708280379085,174.2464993169399
2022-02-23,204.5040529776735,171.03825136612022
2022-02-24,210.7531677965464,173.59644587381098
2022-02-25,215.60690714746897,177.48026319950415
2022-02-28,214.9487775171746,177.046749297966
2022-03-01,209.68121137912715,174.30721577109898
2022-03-02,214.3568896156009,177.5567714657964
2022-03-03,211.88553457649317,176.6237698593402
2022-03-04,209.10323277471585,175.22242935387573
2022-03-07,200.71965655339034,170.05018594414085
2022-03-08,201.1358643019052,168.82008481329692
2022-03-09,208.45101480526085,173.1584652018822
2022-03-10,206.5492787411823,172.4153013370269
2022-03-11,203.30515998839846,170.1805326287695
2022-03-14,202.43609698469066,168.91762247647236
2022-03-15,207.90721009378953,172.53390792602713
2022-03-16,215.34384079575133,176.39586574706536
2022-03-17,219.13929847333088,178.5739697176685
2022-03-18,223.5987905483567,180.6565520011131
2022-03-21,222.24535687251665,180.5780277588039
2022-03-22,224.93762510142028,182.61930229837077
2022-03-23,219.66501563743165,180.37807060817647
2022-03-24,225.55600338072395,182.96539794575997
2022-03-25,225.92002977488877,183.8923318596944
2022-03-28,227.80800684619777,185.20623434653916
2022-03-29,232.20675397412776,187.47622334168184
2022-03-30,227.8030227209702,186.2963042020846
2022-03-31,225.44362409283275,183.380293715847
2022-04-01,225.11267203945067,184.00566133500305
2022-04-04,228.96419355914028,185.49443985908724
2022-04-05,225.30620604250032,183.16616543968834
2022-04-06,222.92280132546676,181.3863550837381
2022-04-07,224.35873758082604,182.15786119965594
2022-04-08,223.72705885289952,181.67495588570128
2022-04-11,221.00474387814583,178.60877495066788
2022-04-12,219.4357497390924,177.99838880034406
2022-04-13,222.69629064249082,179.98744560817647
2022-04-14,220.9807035818385,177.8016532584497
2022-04-18,219.20353789384237,177.7652273388484
2022-04-19,222.19124773548768,180.61971102762598
2022-04-20,220.5721960040038,180.50800223891926
2022-04-21,215.07218113507568,177.84497697834448
2022-04-22,210.1614515847035,172.91154766874115
2022-04-25,213.30063040825746,173.89678677140253
2022-04-26,205.7154050198722,169.00223417577413
2022-04-27,205.2713965130253,169.3568087811172
2022-04-28,212.5359880300481,173.5478648046954
2022-04-29,206.19926529032114,167.25076607088647
2022-05-02,209.82125941803366,168.1999547788909
2022-05-03,212.13402463376266,169.0135592175167
2022-05-04,217.48844228860267,174.06071329184377
2022-05-05,207.81293354296727,167.85549958257437
2022-05-06,205.15574876317336,166.90304973689535
2022-05-09,198.58212933224036,161.5559599366272
2022-05-10,201.3792780301993,161.95304791856407
2022-05-11,196.97163467786746,159.28678128478546
2022-05-12,200.29314901416444,159.08035126998584
2022-05-13,206.48868825758632,162.87755080259564
2022-05-16,205.71503415321942,162.2347706847045
2022-05-17,211.17140057532785,165.50698634512244
2022-05-18,203.38231531636137,158.82128846956587
2022-05-19,204.08029873390416,157.89475972728192
2022-05-20,204.61051416877146,157.91783474688827
2022-05-23,206.242127937339,160.84800647642177
2022-05-24,201.40576470380495,159.54179236870067
2022-05-25,204.827724867967,161.04958431365108
2022-05-26,209.49482332539276,164.25177445418439
2022-05-27,216.41721133581103,168.31573504857315
2022-05-31,213.49208864456602,167.25966008272616
2022-06-01,210.64003997717137,166.00809473664236
2022-06-02,215.62118248152225,169.06779292526818
2022-06-03,212.96471775548505,166.3039886283141
2022-06-06,213.68373249028787,166.8257508917729
2022-06-07,216.61089335397145,168.41449810893542
2022-06-08,214.4994792823643,166.59664114678202
2022-06-09,208.13090759320514,162.63185866664136
2022-06-10,201.16498150967803,157.89759592883524
2022-06-13,191.1277188635534,151.77615392886054
2022-06-14,190.62542897315612,151.20339933085407
2022-06-15,193.66319123551432,153.40983567028434
2022-06-16,185.16919733548465,148.42218253516495
2022-06-17,187.59273296041414,148.74883982556668
2022-06-21,191.8221970202395,152.38980121685896
2022-06-22,192.7488466876658,152.19145487059805
2022-06-23,197.18171750243522,153.64217690624366
2022-06-24,204.4126242363164,158.3379878661961
2022-06-27,202.8447288406708,157.86723770175573
2022-06-28,197.2019262898914,154.68731223752783
2022-06-29,196.37859855199662,154.57721425318763
2022-06-30,194.9777762215534,153.2232294196519
2022-07-01,196.04426992348613,154.84031888787695
2022-07-05,197.22058825284827,155.08560585218075
2022-07-06,196.12757745806567,155.63975220097146
2022-07-07,200.27800320241178,157.96883696367132
2022-07-08,200.39200881727362,157.83767993574176
2022-07-11,196.507755876396,156.01821216922184
2022-07-12,195.22024071745903,154.5759987382362
2022-07-13,194.58578045067793,153.88706858113238
2022-07-14,194.37379085800097,153.42561760018214
2022-07-15,198.45481288280521,156.37158114184882
2022-07-18,196.4549593657599,155.0637562297612
2022-07-19,203.23382754274485,159.34790291059502
2022-07-20,204.70271131776093,160.2873872634588
2022-07-21,208.56284785239632,161.86804092984718
2022-07-22,205.44187704055838,160.35741278334345
2022-07-25,206.21146737954928,160.5683095685337
2022-07-26,201.9833549688136,158.71483703007993
2022-07-27,208.20648530341816,162.86622576085307
2022-07-28,209.10420217723694,164.84233684034103
2022-07-29,209.97547254849852,167.1843772136207
2022-08-01,210.213641468985,166.71240165199353
2022-08-02,209.23813978872175,165.60169768897995
2022-08-03,214.93606720650314,168.1914560564663
2022-08-04,214.53082711604077,168.06071408242258
2022-08-05,213.0733481663717,167.78749003870675
2022-08-08,214.89465971834844,167.57984450895566
2022-08-09,210.50020805953912,166.86784921448088
2022-08-10,217.42943559269992,170.42057212608782
2022-08-11,216.41834910176814,170.30034485048574
2022-08-12,220.62834918061208,173.25035022642177
2022-08-15,221.17067205943414,173.93807475080956
2022-08-16,220.05514382661184,174.26432686956082
2022-08-17,215.10244099821048,173.00303740386562
2022-08-18,214.95867099694655,173.3956783798826
2022-08-19,211.24905932019482,171.15887393113744
2022-08-22,206.60349605047276,167.49606291742563
2022-08-23,207.7488785922354,167.1212297295588
2022-08-24,208.41754279709536,167.60858204943332
2022-08-25,212.38624901061152,169.97045606911556
2022-08-26,204.3880419450474,164.24448136447583
2022-08-29,201.10611726743164,163.1495692135954
2022-08-30,200.1501289216106,161.35033038289316
2022-08-31,199.29947337808923,160.08905079943332
2022-09-01,199.86297775288847,160.56871474018416
2022-09-02,197.6192224999928,158.84476866082272
2022-09-06,196.3148837664376,158.19429028157253
2022-09-07,201.0278531612738,161.0957343528638
2022-09-08,206.5201993482709,162.16069344831513
2022-09-09,210.76054709608425,164.63712234049282
2022-09-12,211.67351250747188,166.37968655130538
2022-09-13,203.01602240329026,159.1859923661708
2022-09-14,203.84750750155305,159.72515724612933
2022-09-15,202.68695666125672,157.9174295752378
2022-09-16,200.6495618781538,156.78324542096743
2022-09-19,200.35778034794353,157.85832392544526
2022-09-20,197.59620881679092,156.07892862338088
2022-09-21,194.31389078613913,153.4074046403815
2022-09-22,192.22855454739,152.11455131489072
2022-09-23,189.08657826400903,149.4932192053734
2022-09-26,187.1243686162837,147.94738065421978
2022-09-27,188.20688831556458,147.6336789743979
2022-09-28,192.25260884597085,150.53794936500708
2022-09-29,189.09644236603162,147.35761872912872
2022-09-30,186.2622729607261,145.13742631805303
2022-10-03,192.14108056254784,148.89414821455676
2022-10-04,198.7412400608219,153.44788227648755
2022-10-05,198.40436814726826,153.13823231317042
2022-10-06,197.45969648077389,151.56931874241045
2022-10-07,191.4579656205017,147.32482947214635
2022-10-10,188.64608098238907,146.2210035449555
2022-10-11,185.91693700611208,145.26776312044626
2022-10-12,185.0905998487861,144.7897198662973
2022-10-13,187.00631347274205,148.5492779643544
2022-10-14,182.26464023871495,145.03420636953553
2022-10-17,187.1919584837776,148.8747197398047
2022-10-18,188.88031519059052,150.57599597121026
2022-10-19,186.3518378085426,149.57133827603218
2022-10-20,186.5705775221973,148.38211007070936
2022-10-21,191.1210671842323,151.90244889698442
2022-10-24,192.94360812794818,153.707350248558
2022-10-25,199.71830435756436,156.20765462140758
2022-10-26,197.7528243203462,155.05363682073468
2022-10-27,195.52465112481423,154.1105059230166
2022-10-28,200.50552462029003,157.90568947960938
2022-10-31,198.69421019164147,156.7285966593301
2022-11-01,199.2005586818835,156.085816541439
2022-11-02,191.26538947720198,152.18336131982392
2022-11-03,191.9967671635468,150.572349426356
2022-11-04,194.16881320130537,152.62295279611922
2022-11-07,197.81601961411633,154.09026710496357
2022-11-08,200.21371998743047,154.95284790212
2022-11-09,196.59549826778317,151.733255145087
2022-11-10,210.4970186969851,160.1445099043716
2022-11-11,214.52326237944465,161.62436476990993
2022-11-14,212.89315408063877,160.18012548067193
2022-11-15,216.73656239887822,161.57579358302976
2022-11-16,212.4245009862995,160.2424626214329
2022-11-17,212.05581505509653,159.74742192243474
2022-11-18,211.1968156358115,160.5075931143746
2022-11-21,210.13299172725158,159.8842315890002
2022-11-22,213.53777304795355,162.0554575237806
2022-11-23,215.12976739104982,163.013965179746
2022-11-25,213.97632140921172,162.96782502276866
2022-11-28,212.24342140125367,160.4509184944849
2022-11-29,212.43004988481562,160.19550223891926
2022-11-30,220.6463997886396,165.153212200845
2022-12-01,222.32787136836356,165.0099197878719
2022-12-02,221.75340521614103,164.81278895656243
2022-12-05,218.75305285563755,161.86359392392734
2022-12-06,215.72115443840892,159.5328884746256
2022-12-07,215.06344819775848,159.23577906800244
2022-12-08,216.62111959585377,160.43351587798523
2022-12-09,214.5183322106538,159.25439719945356
2022-12-12,217.87556172399056,161.52843791110098
2022-12-13,220.15278584921472,162.7059260207954
2022-12-14,220.04275667976708,161.7211118542552
2022-12-15,213.52830063747763,157.69075086014976
2022-12-16,212.47854079071863,155.93443057769176
2022-12-19,209.61490740786107,154.5298486990235
2022-12-20,209.25533818404003,154.69014843908116
2022-12-21,212.85698517953256,156.99008060741753
2022-12-22,209.30096617044637,154.72130712722628
2022-12-23,209.4346323101195,155.62922762029447
2022-12-27,207.07413186677476,154.99898805909734
2022-12-28,203.98407290082238,153.13580128326757
2022-12-29,207.30232731489616,155.8097562961698
2022-12-30,206.54365839084033,155.41388382918439
2023-01-03,206.50445085631054,154.79214299041186
2023-01-04,209.45273927075553,155.95911640166463
2023-01-05,206.9373014313574,154.1428900083485
2023-01-06,211.62932575496015,157.66363400627404
2023-01-09,212.64557403722873,157.54260626960635
2023-01-10,215.033423577996,158.64197530864197
2023-01-11,217.56890540946398,160.6804334111263
2023-01-12,219.2946730847762,161.22930264622545
2023-01-13,220.58313506310964,161.87371333295386
2023-01-17,220.2014773213598,161.54503018429972
2023-01-18,218.47076368579684,159.0309697398047
2023-01-19,216.83294080966735,157.81623548497268
2023-01-20,221.21117178218924,160.80186631944443
2023-01-23,224.99544707728165,162.712408767203
2023-01-24,224.30181671119038,162.59663837975614
2023-01-25,223.52367081221678,162.56709049597754
2023-01-26,226.97066273391408,164.3566052070684
2023-01-27,226.08372557354184,164.7666487995851
2023-01-30,222.2965754982868,162.62983280838898
2023-01-31,226.53158766154323,165.01113530282333
2023-02-01,231.08049529053997,166.73588184325035
2023-02-02,233.65744461941375,169.18679480368345
2023-02-03,230.46050646978165,167.43493140938068
2023-02-06,228.2538182656293,166.40680340518114
2023-02-07,231.83342518558513,168.54887674559805
2023-02-08,228.2383997040005,166.68123308161302
2023-02-09,226.47833900251857,165.20947176684882
2023-02-10,225.2698485100307,165.57214980520138
2023-02-13,228.80171229314757,167.46772066636308
2023-02-14,229.2706328055517,167.42076028384943
2023-02-15,231.10206637952237,167.88504746635294
2023-02-16,228.98373019246202,165.570123946949
2023-02-17,226.87603507108273,165.11192422143796
2023-02-21,221.4453103685502,161.80287746976828
2023-02-22,221.57148492441223,161.54827155750354
2023-02-23,222.33863879616587,162.40923166805808
2023-02-24,218.9536130779099,160.69783602762598
2023-02-27,220.28641905974587,161.19166121167274
2023-02-28,219.3102696000303,160.70228303354583
2023-03-01,219.28987308205075,159.9429221849069
2023-03-02,221.6066606515886,161.15564046372194
2023-03-03,223.95349279544894,163.75793938790224
2023-03-06,223.40111859133216,163.87046840214532
2023-03-07,220.99022788157447,161.35883898755313
2023-03-08,221.4978084359635,161.5871285070077
2023-03-09,217.3032209770369,158.60433387408926
2023-03-10,214.48598342690363,156.3080383683718
2023-03-13,214.98245753797698,156.0720505875582
2023-03-14,218.02743958064744,158.64359599524386
2023-03-15,216.8248825678502,157.53612352319874
2023-03-16,221.92906551242837,160.30277390394153
2023-03-17,220.1423014946734,158.53632433022162
2023-03-20,222.1952858129539,159.95021527461546
2023-03-21,225.60452631724212,162.02671998330297
2023-03-22,222.08061215786756,159.35923783457295
2023-03-23,225.22774578431012,159.83485005881906
2023-03-24,225.42492140164512,160.73628780547966
2023-03-27,224.80505721912647,161.00101312677089
2023-03-28,223.4830160624537,160.7476227294576
2023-03-29,226.65666658690068,163.0362298560514
2023-03-30,228.5643653256192,163.96802582979154
2023-03-31,232.07895580056277,166.33515719869462
2023-04-03,232.7342534944847,166.95040540882414
2023-04-04,230.73086857207286,165.98259856936855
2023-04-05,228.89434294810545,165.56890843199756
2023-04-06,229.7497637013822,166.16150655864197
2023-04-10,230.99837694602016,166.3270537656851
2023-04-11,231.66023439478124,166.32017572986237
2023-04-12,230.13896388149072,165.63246108770997
2023-04-13,234.40612323217894,167.82919307199958
2023-04-14,233.8900367784095,167.48189179189436
2023-04-17,234.7442538262237,168.03561320456387
2023-04-18,234.75454863566813,168.17932067142277
2023-04-19,232.87501240064643,168.16514954589152
2023-04-20,232.5443946102559,167.1641383955677
2023-04-21,232.43366021349314,167.31511918766444
2023-04-24,233.54665102981892,167.45760125733656
2023-04-25,229.86134887565106,164.8099527550091
2023-04-26,228.86839667987024,164.17688687449404
2023-04-27,228.79115436848812,167.38919642405384
2023-04-28,230.2961806087532,168.7706934008804
2023-05-01,231.37484077585543,168.70552994080145
2023-05-02,228.86217607326913,166.75086331208257
2023-05-03,228.72553017875788,165.5838899008298
2023-05-04,226.46440198928232,164.38858412074987
2023-05-05,230.61721436762974,167.42562234365514
2023-05-08,231.86309883918102,167.50132026664645
2023-05-09,229.647807075845,166.73426115664844
2023-05-10,233.142361865526,167.48189179189436
2023-05-11,234.00134845957697,167.19773799585104
2023-05-12,233.16406445682009,166.9330126745598
2023-05-15,235.7023724778311,167.4268279763712
2023-05-16,233.77808438608037,166.35903267936652
2023-05-17,237.0593173434616,168.33717949934223
2023-05-18,238.43358604893297,169.9271323492208
2023-05-19,237.4752395067782,169.68144021326654
2023-05-22,237.76712411606266,169.70774672384132
2023-05-23,234.3641441636141,167.8032818508399
2023-05-24,232.8741267106226,166.57519669601294
2023-05-25,236.4226005355343,168.03399251796196
2023-05-26,241.4490494800415,170.2266826679822
2023-05-30,239.93742804716686,170.22950898730014
2023-05-31,238.60286873598483,169.18964088747217
2023-06-01,239.14842590567076,170.85691234694394
2023-06-02,243.14775706806057,173.34021927494433
2023-06-05,243.96134714037746,172.9929179948391
2023-06-06,244.91705298963166,173.40012538580248
2023-06-07,243.41124841793618,172.73912242587534
2023-06-08,245.43658888695242,173.80814312006677
2023-06-09,245.79956161477156,174.00768521680834
2023-06-12,250.76706756493456,175.6296367448391
2023-06-13,252.20088165278202,176.8471874367537
2023-06-14,252.33587900075557,176.99210053632868
2023-06-15,254.58702326944592,179.14753465897593
2023-06-16,252.38910425224205,178.48977307225258
2023-06-20,250.68965689085786,177.64460477383122
2023-06-21,248.98188395569431,176.71280880009107
2023-06-22,251.0993368924369,177.36855441079743
2023-06-23,248.2791570996815,176.01012257134184
2023-06-26,246.54712018150968,175.22039361338798
2023-06-27,250.77600224037718,177.22769302772718
2023-06-28,251.51611688544742,177.16494083308035
2023-06-29,251.99464460593452,177.95749611035217
2023-06-30,254.3938673124803,180.14085743017608
2023-07-03,255.34198325296265,180.35174433313094
2023-07-05,255.20178700529948,179.99675467390205
2023-07-06,250.1397130751708,178.57072834446467
2023-07-07,249.153563973213,178.05910525450315
2023-07-10,251.89139305117777,178.48734204234972
2023-07-11,254.72044326608352,179.6907413732038
2023-07-12,257.78622610805655,181.0224714126695
2023-07-13,261.4665957538379,182.55575952489374
2023-07-14,261.1414190089659,182.36874810261082
2023-07-17,263.78136191083155,183.0718493852459
2023-07-18,263.3856355919276,184.37482211976322
2023-07-19,263.4174832591776,184.80956141848816
2023-07-20,259.4903053790408,183.56082239172233
2023-07-21,261.60386822426693,183.62031344869462
2023-07-24,261.7212994070902,184.3610660481178
2023-07-25,264.0839318090321,184.8799822277879
2023-07-26,264.8210307637475,184.85124468731027
2023-07-27,263.00495998445666,183.66363716858936
2023-07-28,269.5210085433338,185.4778377036531
2023-07-31,270.44347962791016,185.750251404068
2023-08-01,269.1449285697942,185.25521070506983
2023-08-02,263.52636618920144,182.69136355874315
2023-08-03,263.85761322752353,182.2258707435236
2023-08-04,261.9703757081402,181.26006011561424
2023-08-07,264.89854504014664,182.89576771529045
2023-08-08,263.24788677031455,182.1242615993726
2023-08-09,261.8547728031846,180.84233802620926
2023-08-10,262.36302989448745,180.88767772212103
2023-08-11,259.78022980997605,180.69418355343046
2023-08-14,261.2039020734604,181.73326107442824
2023-08-15,258.4025200618053,179.6340766355495
2023-08-16,254.56995061114216,178.2768701932807
2023-08-17,251.6524206993143,176.901836198391
2023-08-18,251.27289772354268,176.87552968781623
2023-08-21,255.24128052124692,178.09228980090063
2023-08-22,255.26566030331634,177.59764439131754
2023-08-23,257.413027888868,179.55918905585915
2023-08-24,252.63408072796256,177.1426860390103
2023-08-25,255.04516202022387,178.33272458763406
2023-08-28,257.08000557851386,179.44991129705525
2023-08-29,263.5318170046359,182.05342573618702
2023-08-30,265.9628206764936,182.7512696696013
2023-08-31,266.5204804228393,182.45942749443432
2023-09-01,268.383498708059,182.78769558920257
2023-09-05,265.26216903858034,182.02105153309049
2023-09-06,264.22048576409367,180.7520736882716
2023-09-07,263.1861712051404,180.17163071114146
2023-09-08,262.2404486209492,180.42866765330905
2023-09-11,263.0685298869356,181.6417713393038
2023-09-12,260.2231333139937,180.60716058869662
2023-09-13,259.9565363347146,180.8314082738818
2023-09-14,262.5750724158033,182.35580237426635
2023-09-15,258.5957642953167,180.13842640027323
2023-09-18,258.0861624587785,180.268358031016
2023-09-19,258.15968246298917,179.88059887927545
2023-09-20,255.7133706734401,178.1906575718478
2023-09-21,251.1737645336092,175.26816433920257
2023-09-22,251.74520400331394,174.86581900804492
2023-09-25,253.1415744463623,175.56931558009512
2023-09-26,249.53338087631556,172.98238353192673
2023-09-27,250.03796001001774,173.02205082473182
2023-09-28,252.52972843528326,174.04169987097754
2023-09-29,252.50104146588617,173.57011959876542
2023-10-02,252.0579350804627,173.58389543488158
2023-10-03,247.1462673932625,171.19814593452742
2023-10-04,249.44899260382144,172.58652094717667
2023-10-05,247.68777118177817,172.36146291869053
2023-10-06,252.22498791143747,174.39789516292248
2023-10-09,253.50538635798094,175.4972740841935
2023-10-10,256.37890478116867,176.41126226978346
2023-10-11,257.7976124463447,177.16859726017
2023-10-12,255.07938487731553,176.06192524919044
2023-10-13,251.96613025552534,175.17829529068004
2023-10-16,255.28340545513467,177.03419885903665
2023-10-17,257.2500606236532,177.0168061247723
2023-10-18,252.46012012396287,174.64481269606355
2023-10-19,248.16085431656015,173.16332726168793
2023-10-20,245.47569892717382,170.98401765836874
2023-10-23,245.19899582220265,170.69581214582067
2023-10-24,251.99571813799483,171.9360524501619
2023-10-25,245.87617870824658,169.47055331031166
2023-10-26,242.71350723430314,167.46528963646023
2023-10-27,244.1101134739656,166.66140931744587
2023-10-30,244.4248748114001,168.66301656420765
2023-10-31,246.26615472488962,169.7551023957701
2023-11-01,248.20062671695015,171.5385494143392
2023-11-02,251.17158858340719,174.7735189296195
2023-11-03,256.65641112428784,176.41529422181745
2023-11-06,254.5123725223491,176.7245488957195
2023-11-07,258.26240089614555,177.22646763054038
2023-11-08,259.12975765852974,177.40456527651284
2023-11-09,255.59266351227754,175.97045527853675
2023-11-10,261.2757480406539,178.7184875278284
2023-11-13,260.6058130465034,178.5691076578628
2023-11-14,268.96641844485447,181.9753165477636
2023-11-15,271.08244863172155,182.26593332574376
2023-11-16,267.8490961942046,182.48290768569115
2023-11-17,270.8207851890313,182.71685972601702
2023-11-20,274.62111740307625,184.06718813246306
2023-11-21,272.55691376055233,183.69520102838496
2023-11-22,274.23987785807714,184.44121097702896
2023-11-24,275.9490394102439,184.55129907913377
2023-11-27,275.95651390911144,184.19065678126898
2023-11-28,279.1114869622193,184.3711854571443
2023-11-29,281.8702312488184,184.19672447379074
2023-11-30,283.1967034644217,184.89373829943332
2023-12-01,288.07002088941414,185.979756438474
2023-12-04,286.40529677624886,184.97388322834448
2023-12-05,285.02189172670256,184.86865718604534
2023-12-06,284.48288360498475,184.14652271807327
2023-12-07,286.78625421450215,185.61383702691762
2023-12-08,287.7101202061028,186.37401810109287
2023-12-11,294.95394275330744,187.10544187031977
2023-12-12,298.23977330444956,187.96600669145923
2023-12-13,302.09985759731103,190.53186981380287
2023-12-14,302.40120910394245,191.0362195785266
2023-12-15,305.2188617089503,191.02165316358025
2023-12-18,305.175989830092,191.88666499063956
2023-12-19,308.55025828651003,193.01235042248533
2023-12-20,301.48541248929973,190.17810555176078
2023-12-21,304.99728408845795,192.13721918639953
2023-12-22,304.6707611742584,192.4561782154422
2023-12-26,304.89269919914466,193.27059299736896
2023-12-27,303.92243443493146,193.5470584142886
2023-12-28,303.2808947241071,193.61870462077516
2023-12-29,301.1946956145997,193.0714461900425
2024-01-02,296.8484318262358,191.9785500151791
2024-01-03,291.71314303306156,190.4395894998482
2024-01-04,291.03617947143533,189.7866899729306
2024-01-05,291.4732363259344,190.13318090973488
2024-01-08,297.9910957810702,192.81684027777777
2024-01-09,296.91487072766387,192.53187613843352
2024-01-10,298.63345449535063,193.6227563372799
2024-01-11,301.9399154960847,193.49282470653714
2024-01-12,303.8821377402841,193.63813309552722
2024-01-16,301.52977078479466,192.91560333814007
2024-01-17,298.23342368274507,191.83201622900222
2024-01-18,302.1694583027181,193.5211471931289
2024-01-19,307.8061915474585,195.90407037416514
2024-01-22,309.4115208878245,196.3339476130844
2024-01-23,308.51505610682335,196.90751255439181
2024-01-24,309.47452077131004,197.06738735832826
2024-01-25,310.5090389896693,198.1040338494232
2024-01-26,309.4314806636119,197.9749125619814
2024-01-29,310.20686724917664,199.47096441130338
2024-01-30,307.6869156587018,199.3511521895871
2024-01-31,303.5554157098501,196.14045344439384
2024-02-01,305.5384412126427,198.59097111541186
2024-02-02,305.32505426164266,200.71280563777574
2024-02-05,303.15820966418477,200.07326689308846
2024-02-06,304.0829217319311,200.5355183351042
2024-02-07,307.15450894729736,202.18822337962962
2024-02-08,308.6954111991831,202.30358859542602
2024-02-09,312.16820235002854,203.46528489298726
2024-02-12,311.4922474039799,203.27220577818258
2024-02-13,307.54456042447856,200.49260966909532
2024-02-14,313.8442866071417,202.41328140811578
2024-02-15,324.09376507046505,203.59157986111111
2024-02-16,315.94305350561007,202.61363384815826
2024-02-20,312.30011332935203,201.39687373507388
2024-02-21,305.7688362787087,201.6514796473386
2024-02-22,309.1337633837441,205.91094050419954
2024-02-23,308.79463006172506,205.9825867106861
2024-02-26,311.85628812802776,205.20258187234367
2024-02-27,314.10144831727365,205.5527292362376
2024-02-28,311.5421455005333,205.21189093806922
2024-02-29,312.50430809683314,206.28496334876542
2024-03-01,317.80091642248533,207.9368580499899
2024-03-04,314.6768635059713,207.68873488413274
2024-03-05,309.22789777406126,205.5717426571038
2024-03-06,310.76346048941065,206.62860820178102
2024-03-07,314.5229981304817,208.7577358138535
2024-03-08,312.0770557652942,207.39485696847802
2024-03-11,313.79115514000136,207.16211056086826
2024-03-12,316.11965351581574,209.48269660114352
2024-03-13,316.01234232648625,209.07954092668487
2024-03-14,313.1458556375002,208.47925442091682
2024-03-15,307.52331232197656,207.12770061728395
2024-03-18,309.85489900928394,208.43634575490793
2024-03-19,310.2677110594625,209.6138338646023
2024-03-20,313.55477904133033,211.48027189587125
2024-03-21,315.5377131033983,212.16473528258447
2024-03-22,314.90527852640304,211.86724046878163
2024-03-25,313.09300559821577,211.21999358049993
2024-03-26,313.87750944330116,210.6286208510423
2024-03-27,314.97906836747,212.4464778131957
2024-03-28,314.5493267598041,212.68367122672535
2024-04-01,313.3399106416659,212.255414674408
2024-04-02,310.2118317005847,210.71888518897995
2024-04-03,309.8871697549209,210.9488052772718
2024-04-04,305.0068997636421,208.3468917602712
2024-04-05,307.25750614075673,210.65937436753694
2024-04-08,307.0696740021549,210.5804548358126
2024-04-09,310.54472032387747,210.88484744990893
2024-04-10,307.7465066728098,208.89051352838496
2024-04-11,310.0796754204851,210.44566114526413
2024-04-12,301.7724900715299,207.38353192673546
2024-04-15,297.310950441576,204.89050087912366
2024-04-16,297.62463619398613,204.4691421270998
2024-04-17,295.59991604421106,203.28718724701477
2024-04-18,294.4504613026078,202.8382965872293
2024-04-19,292.1607583841127,201.0617276044829
2024-04-22,297.5111070713016,202.81724742587534
2024-04-23,304.48559647438873,205.24386985175065
2024-04-24,304.68532713717735,205.28758886106053
2024-04-25,302.54471787886416,204.34810450819674
2024-04-26,308.9808581766465,206.43432345426027
2024-04-29,310.2744228847974,207.0904643543817
2024-04-30,303.77551517881693,203.83282499114551
2024-05-01,305.89926882394457,203.13256979229914
2024-05-02,309.8409431639286,204.98685267405384
2024-05-03,312.5490310207567,207.560819229407
2024-05-06,315.34375184182454,209.70411796701072
2024-05-07,317.174595626422,209.98584073315118
2024-05-08,315.3103201770516,209.9846153359644
2024-05-09,314.573348630636,211.05363603015584
2024-05-10,315.0106384496071,211.40174765356204
2024-05-13,319.5659951380404,211.3507355545436
2024-05-14,320.78592723231554,212.37321092010725
2024-05-15,326.39105745870256,214.86136014344262
2024-05-16,325.7169367526526,214.41409017025904
2024-05-17,327.11426850972083,214.6638340227181
2024-05-20,329.31341424799723,214.86054980014168
2024-05-21,325.21090829479266,215.39810387573363
2024-05-22,323.14338939802315,214.8152101042299
2024-05-23,320.79977221568913,213.2297042602712
2024-05-24,320.6407481496678,214.72253450086015
2024-05-28,318.4796302675731,214.77595786531066
2024-05-29,318.0078437188178,213.19369339455574
2024-05-30,313.0766048400152,211.9198534899312
2024-05-31,315.7435103755427,213.62111983910142
2024-06-03,315.2856508027446,213.85953864981784
2024-06-04,312.45371614303986,214.1809287087634
2024-06-05,315.1372143091108,216.71846934451526
2024-06-06,315.9519091379017,216.67516538909126
2024-06-07,313.57096312296136,216.43352496964178
2024-06-10,316.4136144218246,216.99210844211697
2024-06-11,316.1291825428846,217.58023979837077
2024-06-12,317.23492885656015,219.43047096362073
2024-06-13,312.76426472366205,219.94495990184174
2024-06-14,314.16166605519334,219.85833222652298
2024-06-17,314.026802231311,221.5434114741449
2024-06-18,312.6658657995296,222.10199494662012
2024-06-20,313.2776972955541,221.54098044424205
2024-06-21,316.6936953848998,221.1949045613236
2024-06-24,314.49693633526624,220.51690415654724
2024-06-25,315.566044648534,221.38432724903865
2024-06-26,314.52071932199726,221.73243887244487
2024-06-27,318.45642574633916,221.93362142025904
2024-06-28,318.9535868755512,221.02732161379274
2024-07-01,318.5843322121427,221.61869434325035
2024-07-02,319.73497725222387,222.99169259765227
2024-07-03,321.00682561474935,224.1254814625076
2024-07-05,321.757943119636,225.34668858151184
2024-07-08,320.6636106357022,225.5757983265027
2024-07-09,320.61464636344084,225.74296622014774
2024-07-10,321.01050637337215,228.04736515887473
2024-07-11,324.88698438413735,226.04897952084596
2024-07-12,330.10790054510494,227.2960978610099
2024-07-15,331.6990237550557,227.93848268948597
2024-07-16,335.359405508742,229.39486724600283
2024-07-17,329.3918968122883,226.19996031294272
2024-07-18,325.93732150123986,224.43189005262093
2024-07-19,324.8815548306801,222.829386763813
2024-07-22,329.28415117382906,225.23416944950415
2024-07-23,325.23095246164485,224.88323150678
2024-07-24,319.1205205708792,219.67738849676178
2024-07-25,322.0822444568086,218.54767111288203
2024-07-26,327.64394507479307,220.97146721943938
2024-07-29,326.2356423102897,221.15118555201377
2024-07-30,327.2304536587452,220.0542376606456
2024-07-31,331.8232544850955,223.52964196265938
2024-08-01,321.82137313273,220.46873814131754
2024-08-02,314.5746155443959,216.4161124709067
2024-08-05,306.78439748277077,209.9303816282129
2024-08-06,311.4939934084979,212.1040188284254
2024-08-07,312.54784259689364,210.4634689334143
2024-08-08,318.5604063225742,215.3130968870168
2024-08-09,318.9710428106703,216.31897009714632
2024-08-12,316.51905960511033,216.32827916287187
2024-08-13,322.46723744375066,219.97288709901844
2024-08-14,324.2478447028003,220.81400368093506
2024-08-15,332.070007057773,224.37645071215343
2024-08-16,332.58422076133076,224.822910342036
2024-08-19,337.9977374382985,227.00870269176278
2024-08-20,336.0817542809069,226.55819134537546
2024-08-21,338.1551998275665,227.51872485959322
2024-08-22,336.6488742884361,225.48634433186604
2024-08-23,340.6340185568012,228.0756876454665
2024-08-26,335.55904678616326,227.35639926128312
2024-08-27,336.73243785021555,227.71907729963573
2024-08-28,332.25170086490317,226.358234194748
2024-08-29,335.1378638519748,226.34932041843757
2024-08-30,336.3333568565866,228.63387582852664
2024-09-03,329.0258222497083,223.7980237110403
2024-09-04,328.18426116900065,223.43937762472171
2024-09-05,326.1858513162843,222.76503364703498
2024-09-06,321.06073916740826,218.92005350637524
2024-09-09,321.3639989431351,221.45516311222426
2024-09-10,320.46542111331456,222.44565956410645
2024-09-11,323.01347930321384,224.8180482822303
2024-09-12,323.93731067431264,226.50312752985226
2024-09-13,325.7672065036858,227.72799107594616
2024-09-16,326.8141058593678,228.0141608480065
2024-09-17,327.14437938093033,228.07448201275045
2024-09-18,326.3653547042164,227.41387434223844
2024-09-19,331.9637143171012,231.27464629503137
2024-09-20,330.62101731704536,230.82573587077513
2024-09-23,332.96371009253426,231.47418839177294
2024-09-24,335.18141262998205,232.05546147667476
2024-09-25,331.37583366341664,231.62354849726773
2024-09-26,338.21449223092895,232.55900089809757
2024-09-27,339.497700787262,232.2675540123457
2024-09-30,339.7476468689208,233.25156771782028
2024-10-01,336.13401003318296,231.07670512042097
2024-10-02,337.92408774251317,231.10868403410242
2024-10-03,336.3086160644448,230.72009477459017
2024-10-04,341.836933102486,232.7897115652196
2024-10-07,339.323527641459,230.55818423016598
2024-10-08,340.5408464018176,232.79214259512244
2024-10-09,343.6578362366358,234.44808901285165
2024-10-10,343.60514697114473,233.9627526689941
2024-10-11,346.8658545480784,235.37865958940495
2024-10-14,347.27042808928746,237.19287988893947
2024-10-15,343.48694527253247,235.38796865513052
2024-10-16,345.25631552898625,236.4893833168893
2024-10-17,343.28538307822447,236.44890568078324
2024-10-18,345.64330953791284,237.38797497976117
2024-10-21,344.2263005546527,236.955271421524
2024-10-22,340.88662286632194,236.84275228951628
2024-10-23,337.04646362034913,234.66585395162923
2024-10-24,338.25480140796066,235.169393373052
2024-10-25,337.8458070888521,235.09897256375228
2024-10-28,342.30257751835273,235.72232420689133
2024-10-29,338.4420453173687,236.10281003339404
2024-10-30,334.9838469546234,235.32361553835256
2024-10-31,334.56108445845587,230.9431368270593
2024-11-01,335.3906833112183,231.888273818559
2024-11-04,336.1960499336551,231.2361846349423
2024-11-05,344.185421460594,234.07244548168387
2024-11-06,357.2617514127549,239.99352515938068
2024-11-07,357.5728365027936,241.77697217794983
2024-11-08,361.42027983774796,242.6852879604331
2024-11-11,368.6610852960363,242.92046539794575
2024-11-12,367.06576619021445,242.21777916919655
2024-11-13,365.2292140510369,242.27402885296502
2024-11-14,358.268837138072,240.80833523072252
2024-11-15,350.3619924251913,237.6288248203805
2024-11-18,350.8520510666585,238.55981045081967
2024-11-19,351.61863339696527,239.5053624962052
2024-11-20,353.46804392926197,239.51061984542602
2024-11-21,358.1447830743468,240.7897170992714
2024-11-22,361.48700824704036,241.62476598866624
2024-11-25,368.38433022325154,242.35458883576197
2024-11-26,365.243239818596,243.74134316180937
2024-11-27,362.97694572543537,242.81482430176075
2024-11-29,363.32420860403556,244.1764777499494
2024-12-02,365.5502889146933,244.77433322581464
2024-12-03,366.4606611229413,244.8848363818053
2024-12-04,371.8334976529354,246.36673687006677
2024-12-05,369.42926362211676,245.90608635018216
2024-12-06,376.1080632520461,246.51973363818053
2024-12-09,374.5429859077194,245.0050636574074
2024-12-10,369.39498584257524,244.27889723740134
2024-12-11,371.8573702609735,246.27362644834042
2024-12-12,368.3699370289998,244.9402954867436
2024-12-13,364.7772363250081,244.93381274033595
2024-12-16,366.2628051769631,245.86440308136005
2024-12-17,366.58719974030436,244.91438426558386
2024-12-18,352.27583735604935,237.6911619611415
2024-12-19,352.0154107018175,237.4855324074074
2024-12-20,355.6651227480429,240.06679205246914
2024-12-23,356.54542061428907,241.81622441686906
2024-12-24,357.9330506484631,244.4865427671524
2024-12-26,357.7489611498566,244.38736465290427
2024-12-27,353.2158813987709,241.68548244282536
2024-12-30,349.02091845837094,239.0989654485428
2024-12-31,348.24399555304245,238.07447410696216
2025-01-02,349.54889763858876,237.54502346437965
2025-01-03,352.7261751968017,240.53714692749443
2025-01-06,354.244756716225,241.86925249190446
2025-01-07,353.2484317924518,239.18355738337382
2025-01-08,352.7309565366464,239.55676988463873
2025-01-10,346.4327063512968,235.86480627656346
2025-01-13,346.66595941660825,236.23639809122645
2025-01-14,350.9545604161072,236.50719110503945
2025-01-15,357.4798542617101,240.83829816838698
2025-01-16,357.2885517518941,240.32948163327262
2025-01-17,359.68797567285156,242.73062765634486
2025-01-21,364.72849883025725,244.8589449251164
2025-01-22,366.3756760692141,246.36187481026107
2025-01-23,367.3790092251992,247.67091523730014
2025-01-24,369.43293001547795,246.96378200263104
2025-01-27,369.5955264149375,243.3628733113236
2025-01-28,373.46659741222743,245.6061605064764
2025-01-29,371.85513396422726,244.45699488337382
2025-01-30,375.79460645147225,245.7466068356608
2025-01-31,371.6535488988142,244.5063665313196
2025-02-03,369.791325531994,242.64601595704312
2025-02-04,371.1477741178852,244.3991047485327
2025-02-05,373.98763690609604,245.35438091352964
2025-02-06,375.0655722599125,246.2485255704817
2025-02-07,373.9428204366982,243.9178398856507
2025-02-10,377.39445033331515,245.55514840745803
2025-02-11,373.98016054686235,245.63853470957295
2025-02-12,377.0094023289783,244.96944808110706
2025-02-13,381.3449397023679,247.5235711078223
2025-02-14,382.30741469649047,247.50576331967213
2025-02-18,386.6138231689784,248.1109118852459
2025-02-19,385.3864913370471,248.70066392810162
2025-02-20,379.6055285821504,247.62274922207044
2025-02-21,374.8117298568367,243.39728325490793
2025-02-24,370.6854650687881,242.18781623153208
2025-02-25,365.2293818381204,241.05444242056265
2025-02-26,364.7015525897332,241.08723167754502
2025-02-27,358.17081345555994,237.26249035493828
2025-02-28,360.28187887567424,241.0240841934831
2025-03-03,354.58431218071917,236.78284617865816
2025-03-04,354.08117716141317,233.88584911328678
2025-03-05,360.5501864968953,236.49584629882617
2025-03-06,353.03476829902775,232.28172513787695
2025-03-07,354.6740766904664,233.56406376492612
2025-03-10,344.0378136511495,227.26411894732848
2025-03-11,344.33302028815007,225.5442147022364
2025-03-12,345.4573247881907,226.64641994282536
2025-03-13,338.25823693554975,223.4980781028638
2025-03-14,349.76622837024047,228.25095897212103
2025-03-17,356.02039085021806,229.71544696164744
2025-03-18,352.4522976878751,227.26817066383322
2025-03-19,356.7956577559688,229.72232499747017
2025-03-20,355.5064668257402,229.22040626264928
2025-03-21,354.11072314686095,229.40943366094922
2025-03-24,359.9410344279246,233.45759256096943
2025-03-25,361.58061395833,233.82513265912772
2025-03-26,356.7651647574074,231.21636087077513
2025-03-27,354.572680467675,230.45173279068
2025-03-28,345.8497737542743,225.90325607797004
2025-03-31,343.5572617877555,227.15442613463873
2025-04-01,345.99969637033473,228.0133505047055
2025-04-02,349.56689515827827,229.54746872470147
2025-04-03,332.7931856770338,218.43837358960738
2025-04-04,313.2654192670694,205.38676697530863
2025-04-07,311.197676629305,204.90791337785873
2025-04-08,306.3775499227477,201.6907516507286
2025-04-09,335.5629674947177,220.88240851421776
2025-04-10,322.44486767135606,213.2382029826958
2025-04-11,329.68927924348515,217.09612885170006
2025-04-14,332.21042614662986,218.82089515659783
2025-04-15,334.9165197172519,218.44282059552725
2025-04-16,329.2405384061919,213.54787271048372
2025-04-17,331.2871752503458,213.83121616322603
2025-04-21,324.122764121387,208.79175046802266
2025-04-22,332.44624700747613,214.0360156091884
2025-04-23,339.1913985511963,217.6020993030257
2025-04-24,349.242261220817,222.01052497596638
2025-04-25,350.8339458651652,223.64743820835864
2025-04-28,351.02685270062574,223.79073062133173
2025-04-29,354.6159314894043,225.08925634992914
